개방자치단체코드,관리번호,인허가일자,인허가취소일자,영업상태코드,영업상태명,상세영업상태코드,상세영업상태명,폐업일자,휴업시작일자,휴업종료일자,재개업일자,전화번호,소재지면적,소재지우편번호,지번주소,도로명주소,도로명우편번호,사업장명,최종수정일자,데이터갱신구분,데이터갱신일자,업태구분명,좌표정보(X),좌표정보(Y),위생업태명,건물지상층수,건물지하층수,사용시작지상층,사용끝지상층,사용시작지하층,사용끝지하층,한실수,양실수,욕실수,발한실여부,좌석수,조건부허가신고사유,조건부허가시작일자,조건부허가종료일자,건물소유구분명,세탁기수,여성종사자수,남성종사자수,회수건조수,침대수,다중이용업소여부,,,정보
3040000,3040000-202-1970-00022,19700723,,03,폐업,02,폐업,20060901,,,,02 4974289,126.30,143902,서울특별시 광진구 중곡동 196-11번지 ,,,도원탕,2003-10-21 00:00:00,I,2018-08-31 23:59:59.0,공동탕업,207343.773689462    ,451935.251493803    ,공동탕업,,,,,,,,,,N,,,,,,,,,,,N,,,서울시광진구목욕장업인허가정보.csv
3040000,3040000-202-1970-00031,19700210,,03,폐업,02,폐업,20010601,,,,02 4663943,211.06,143846,서울특별시 광진구 자양동 236-89번지 ,,,성춘탕,2003-03-19 00:00:00,I,2018-08-31 23:59:59.0,공동탕업,205470.823903755    ,448324.268025361    ,공동탕업,,,,,,,,,,N,,,,,,,,,,,N,,,서울시광진구목욕장업인허가정보.csv
3040000,3040000-202-1970-00037,19700109,,03,폐업,02,폐업,20030704,,,,02 4661720,504.88,143840,서울특별시 광진구 군자동 346-22번지 ,,,장안탕,2002-09-07 00:00:00,I,2018-08-31 23:59:59.0,공동탕업,206168.205128106    ,449716.021289287    ,공동탕업,0,0,0,,0,,0,0,0,N,0,,,,,,,,,,N,,,서울시광진구목욕장업인허가정보.csv
3040000,3040000-202-1970-00064,19700904,,03,폐업,02,폐업,20150403,,,,02  444 1080,342.59,143960,서울특별시 광진구 구의동 226-2번지 ,서울특별시 광진구 구의로 65-1 (구의동),,은호탕,2013-03-15 11:37:28,I,2018-08-31 23:59:59.0,공동탕업,207899.235292357    ,449066.743743485    ,공동탕업,,,,,,,,,,N,,,,,,,,,,,N,,,서울시광진구목욕장업인허가정보.csv
3040000,3040000-202-1970-00093,19700902,,03,폐업,02,폐업,19910502,,,,02 4656512,151.40,143916,서울특별시 광진구 화양동 33-34번지 ,,,화연탕,2001-11-29 00:00:00,I,2018-08-31 23:59:59.0,공동탕업,206015.280335652    ,449180.408499373    ,공동탕업,0,0,0,,0,,0,0,0,N,0,,,,,,,,,,N,,,서울시광진구목욕장업인허가정보.csv
3040000,3040000-202-1971-00039,19711001,,03,폐업,02,폐업,20050427,,,,02 4662616,132.21,143837,서울특별시 광진구 군자동 53-11번지 ,,,동원탕,2002-09-25 00:00:00,I,2018-08-31 23:59:59.0,공동탕업,206615.761542731    ,450276.646167467    ,공동탕업,0,0,0,,0,,0,0,0,N,0,,,,,,,,,,N,,,서울시광진구목욕장업인허가정보.csv
3040000,3040000-202-1971-00048,19710216,,03,폐업,02,폐업,20020507,,,,02 4526405,199.47,143894,서울특별시 광진구 중곡동 149-10번지 ,,,대신탕,2002-07-31 00:00:00,I,2018-08-31 23:59:59.0,공동탕업,207534.328842083    ,450977.481203093    ,공동탕업,0,0,0,,0,,0,0,0,N,0,,,,,,,,,,N,,,서울시광진구목욕장업인허가정보.csv
3040000,3040000-202-1971-00072,19710927,,03,폐업,02,폐업,20060531,,,,0204576531,197.79,143852,서울특별시 광진구 자양동 228-24번지 ,,,부광옥사우나,2004-06-08 00:00:00,I,2018-08-31 23:59:59.0,공동탕업,,,공동탕업,,,,,,,,,,N,,,,,,,,,,,N,,,서울시광진구목욕장업인허가정보.csv
3040000,3040000-202-1972-00042,19720128,,03,폐업,02,폐업,20170608,,,,02 4667383,345.09,143903,서울특별시 광진구 중곡동 241-17번지 ,서울특별시 광진구 긴고랑로 41 (중곡동),04910,대화탕,2017-06-08 13:40:48,I,2018-08-31 23:59:59.0,공동탕업,207080.733577729    ,451198.275900371    ,공동탕업,0,0,0,,0,,0,0,0,N,0,,,,,,,,,,N,,,서울시광진구목욕장업인허가정보.csv
3040000,3040000-202-1972-00044,19720904,,03,폐업,02,폐업,20140605,,,,02 4672162,214.21,143912,서울특별시 광진구 중곡동 648-14번지 ,서울특별시 광진구 능동로37길 6 (중곡동),04919,라보탕,2012-01-04 13:49:21,I,2018-08-31 23:59:59.0,공동탕업,206961.612379341    ,450659.222622896    ,공동탕업,0,0,0,,0,,0,0,0,N,0,,,,,,,,,,N,,,서울시광진구목욕장업인허가정보.csv
3040000,3040000-202-1972-00051,19721113,,03,폐업,02,폐업,20010927,,,,02 4621306,202.72,143900,서울특별시 광진구 중곡동 174-77번지 ,,,금성탕,2002-07-31 00:00:00,I,2018-08-31 23:59:59.0,공동탕업,,,공동탕업,0,0,0,,0,,0,0,0,N,0,,,,,,,,,,N,,,서울시광진구목욕장업인허가정보.csv
3040000,3040000-202-1972-00095,19721020,,03,폐업,02,폐업,19921119,,,,02 4642240,223.06,143916,서울특별시 광진구 화양동 34-48번지 ,,,조양탕,2001-11-29 00:00:00,I,2018-08-31 23:59:59.0,공동탕업,206008.177641695    ,448982.600677679    ,공동탕업,0,0,0,,0,,0,0,0,N,0,,,,,,,,,,N,,,서울시광진구목욕장업인허가정보.csv
3040000,3040000-202-1972-00111,19721116,,03,폐업,02,폐업,19950503,,,,02 4524753,135.78,143809,서울특별시 광진구 광장동 334-12번지 ,,,문화탕,2001-11-29 00:00:00,I,2018-08-31 23:59:59.0,공동탕업,209375.068351656    ,449558.030455124    ,공동탕업,0,0,0,,0,,0,0,0,N,0,,,,,,,,,,N,,,서울시광진구목욕장업인허가정보.csv
3040000,3040000-202-1973-00019,19730830,,03,폐업,02,폐업,20021129,,,,02 4691100,193.59,143841,서울특별시 광진구 자양동 10-6번지 ,,,청강목욕탕,2003-03-19 00:00:00,I,2018-08-31 23:59:59.0,공동탕업,205725.117770632    ,448588.18053061     ,공동탕업,,,,,,,,,,N,,,,,,,,,,,N,,,서울시광진구목욕장업인허가정보.csv
3040000,3040000-202-1973-00041,19730908,,03,폐업,02,폐업,20060406,,,,02 4627839,204.34,143904,서울특별시 광진구 중곡동 246-25번지 ,,,대왕탕,2003-10-21 00:00:00,I,2018-08-31 23:59:59.0,공동탕업,206848.378640684    ,451193.08886312     ,공동탕업,,,,,,,,,,N,,,,,,,,,,,N,,,서울시광진구목욕장업인허가정보.csv
3040000,3040000-202-1973-00059,19730411,,03,폐업,02,폐업,20030507,,,,02 4451433,242.08,143819,서울특별시 광진구 구의동 65-2번지 ,,,새서울탕,2003-05-07 00:00:00,I,2018-08-31 23:59:59.0,공동탕업,207776.722158539    ,449378.274913209    ,공동탕업,,,,,,,,,,N,,,,,,,,,,,N,,,서울시광진구목욕장업인허가정보.csv
3040000,3040000-202-1973-00074,19730929,,03,폐업,02,폐업,20040908,,,,02 4638632,235.31,143862,서울특별시 광진구 자양동 553-14번지 ,,,청수탕,2002-09-07 00:00:00,I,2018-08-31 23:59:59.0,공동탕업,205732.471502236    ,448227.224938499    ,공동탕업,0,0,0,,0,,0,0,0,N,0,,,,,,,,,,N,,,서울시광진구목욕장업인허가정보.csv
3040000,3040000-202-1974-00046,19740119,,01,영업/정상,01,영업,,,,,02 4521997,146.34,143885,서울특별시 광진구 중곡동 46-24,서울특별시 광진구 용마산로7길 68 (중곡동),04922,우정탕,2022-12-07 13:24:51,U,2021-11-02 00:09:00.0,공동탕업,207365.619431381,450886.660063979,,,,,,,,,,,,,,,,,,,,,,,,,서울시광진구목욕장업인허가정보.csv
3040000,3040000-202-1974-00047,19740902,,03,폐업,02,폐업,20090518,,,,02 4574848,218.57,143890,서울특별시 광진구 중곡동 118-1번지 ,,,동천탕,2008-08-19 09:15:33,I,2018-08-31 23:59:59.0,공동탕업,207636.980271729    ,450431.703408255    ,공동탕업,,,,,,,,,,N,,,,,,,,,,,N,,,서울시광진구목욕장업인허가정보.csv
3040000,3040000-202-1978-00055,19781220,,03,폐업,02,폐업,20060721,,,,02 4443111,226.99,143887,서울특별시 광진구 중곡동 74-28번지 ,,,호수탕,2004-09-07 00:00:00,I,2018-08-31 23:59:59.0,공동탕업,208284.171547883    ,450763.173992446    ,공동탕업,0,0,0,,0,,0,0,0,N,0,,,,,,,,,,N,,,서울시광진구목욕장업인허가정보.csv
3040000,3040000-202-1979-00065,19790528,,03,폐업,02,폐업,20040726,,,,0204466871,187.81,143825,서울특별시 광진구 구의동 242-15번지 ,,,한수탕,2002-09-07 00:00:00,I,2018-08-31 23:59:59.0,공동탕업,207720.13509251     ,448532.117307184    ,공동탕업,0,0,0,,0,,0,0,0,N,0,,,,,,,,,,N,,,서울시광진구목욕장업인허가정보.csv
3040000,3040000-202-1980-00027,19800119,,03,폐업,02,폐업,20030507,,,,02 4646367,159.30,143901,서울특별시 광진구 중곡동 190-37번지 ,,,부강탕,2003-05-07 00:00:00,I,2018-08-31 23:59:59.0,공동탕업,206815.946789856    ,451550.424992111    ,공동탕업,,,,,,,,,,N,,,,,,,,,,,N,,,서울시광진구목욕장업인허가정보.csv
3040000,3040000-202-1981-00024,19811210,,03,폐업,02,폐업,20020518,,,,02 4670988,158.56,143912,서울특별시 광진구 중곡동 613-21번지 ,,,유창탕,2003-03-19 00:00:00,I,2018-08-31 23:59:59.0,공동탕업,206566.239507381    ,450941.209308823    ,공동탕업,,,,,,,,,,N,,,,,,,,,,,N,,,서울시광진구목욕장업인허가정보.csv
3040000,3040000-202-1981-00034,19811130,,03,폐업,02,폐업,20020930,,,,0204644302,367.78,143916,서울특별시 광진구 화양동 18-12번지 ,,,청수탕,2003-03-19 00:00:00,I,2018-08-31 23:59:59.0,공동탕업,206035.411630184    ,449492.689248766    ,공동탕업,,,,,,,,,,N,,,,,,,,,,,N,,,서울시광진구목욕장업인허가정보.csv
3040000,3040000-202-1981-00060,19810922,,03,폐업,02,폐업,20210513,,,,0222013535,228.53,143819,서울특별시 광진구 구의동 70-27 ,서울특별시 광진구 자양로 234 (구의동),04975,한성보석사우나,2021-05-13 09:44:33,U,2021-05-15 02:40:00.0,공동탕업+찜질시설서비스영업,207738.082768929    ,449472.71909597     ,공동탕업+찜질시설서비스영업,0,0,0,,0,,0,0,0,N,0,,,,,,,,,,N,,,서울시광진구목욕장업인허가정보.csv
3040000,3040000-202-1981-00077,19811125,,01,영업/정상,01,영업,,,,,02457 3355,609.84,143866,서울특별시 광진구 자양동 614-0번지 ,서울특별시 광진구 자양로15길 109 (자양동),05062,진아보석사우나,2019-09-30 11:06:52,U,2019-10-02 02:40:00.0,공동탕업+찜질시설서비스영업,206823.908852368    ,447990.564232386    ,공동탕업+찜질시설서비스영업,0,0,0,0,0,0,0,0,0,N,0,,,,,0,,,0,0,N,,,서울시광진구목욕장업인허가정보.csv
3040000,3040000-202-1981-00091,19811221,,03,폐업,02,폐업,20000719,,,,02 4659462,253.00,143841,서울특별시 광진구 자양동 5-11번지 ,,,대천탕,2000-07-19 00:00:00,I,2018-08-31 23:59:59.0,공동탕업,205983.644347859    ,448466.849833572    ,공동탕업,0,0,0,,0,,0,0,0,N,0,,,,,,,,,,N,,,서울시광진구목욕장업인허가정보.csv
3040000,3040000-202-1981-00119,1981-02-05,,01,영업/정상,01,영업,,,,,02   4504425,286.13,143-800,서울특별시 광진구 광장동 21-0,서울특별시 광진구 워커힐로 177 (광장동),04963,헬스사우나,2023-05-04 10:24:11,U,2022-12-05 00:07:00.0,목욕장업 기타,209766.973555533,450385.000713887,,,,,,,,,,,,,,,,,,,,,,,,,서울시광진구목욕장업인허가정보.csv
3040000,3040000-202-1981-00120,19811221,,03,폐업,02,폐업,20000701,,,,02 4659762,.00,143841,서울특별시 광진구 자양동 5-11번지 ,,,대천,2003-03-19 00:00:00,I,2018-08-31 23:59:59.0,공동탕업,205983.644347859    ,448466.849833572    ,공동탕업,,,,,,,,,,N,,,,,,,,,,,N,,,서울시광진구목욕장업인허가정보.csv
3040000,3040000-202-1981-00121,19811221,,03,폐업,02,폐업,20000719,,,,02 4659462,.00,143841,서울특별시 광진구 자양동 5-11번지 ,,,대천,2002-07-31 00:00:00,I,2018-08-31 23:59:59.0,공동탕업,205983.644347859    ,448466.849833572    ,공동탕업,0,0,0,,0,,0,0,0,N,0,,,,,,,,,,N,,,서울시광진구목욕장업인허가정보.csv
3040000,3040000-202-1982-00043,19821216,,03,폐업,02,폐업,19990723,,,,02 4669800,254.82,143912,서울특별시 광진구 중곡동 647-21번지 ,,,대경탕,1999-08-09 00:00:00,I,2018-08-31 23:59:59.0,공동탕업,207030.250867409    ,450781.379549387    ,공동탕업,0,0,0,,0,,0,0,0,N,0,,,,,,,,,,N,,,서울시광진구목욕장업인허가정보.csv
3040000,3040000-202-1982-00058,19821228,,03,폐업,02,폐업,20140228,,,,0204476946,232.80,143849,서울특별시 광진구 능동 246-3번지 ,서울특별시 광진구 천호대로116길 7 (능동),04987,공원탕,2003-02-24 00:00:00,I,2018-08-31 23:59:59.0,공동탕업,207378.462565138    ,450273.924173683    ,공동탕업,,,,,,,,,,N,,,,,,,,,,,N,,,서울시광진구목욕장업인허가정보.csv
3040000,3040000-202-1982-00066,19821119,,03,폐업,02,폐업,19990531,,,,02 4452338,224.60,143825,서울특별시 광진구 구의동 246-13번지 ,,,화성탕,2003-03-19 00:00:00,I,2018-08-31 23:59:59.0,공동탕업,207418.481679701    ,448333.157588195    ,공동탕업,,,,,,,,,,N,,,,,,,,,,,N,,,서울시광진구목욕장업인허가정보.csv
3040000,3040000-202-1982-00067,19820920,,03,폐업,02,폐업,19960624,,,,02 4472869,260.00,143826,서울특별시 광진구 구의동 248-140번지 ,,,덕운탕,2001-11-29 00:00:00,I,2018-08-31 23:59:59.0,공동탕업,207572.70864703     ,448680.326713005    ,공동탕업,0,0,0,,0,,0,0,0,N,0,,,,,,,,,,N,,,서울시광진구목욕장업인허가정보.csv
3040000,3040000-202-1982-00071,19820914,,03,폐업,02,폐업,20190409,,,,02 4446154,237.19,143816,서울특별시 광진구 구의동 26-15번지 ,서울특별시 광진구 자양로 324 (구의동),04956,약수탕,2019-04-09 14:12:41,U,2019-04-11 02:40:00.0,공동탕업,208252.715477339    ,450202.529247127    ,공동탕업,0,0,0,0,0,0,0,0,0,N,0,,,,,0,,,0,0,N,,,서울시광진구목욕장업인허가정보.csv
3040000,3040000-202-1982-00078,19821213,,03,폐업,02,폐업,20070523,,,,0234363818,203.12,143867,서울특별시 광진구 자양동 631-18번지 ,,,신진목욕탕,2002-09-07 00:00:00,I,2018-08-31 23:59:59.0,공동탕업,207141.695910461    ,447952.966391874    ,공동탕업,0,0,0,,0,,0,0,0,N,0,,,,,,,,,,N,,,서울시광진구목욕장업인허가정보.csv
3040000,3040000-202-1982-00080,19821105,,03,폐업,02,폐업,20060529,,,,02 4459613,351.60,143868,서울특별시 광진구 자양동 636-8번지 ,,,성동탕,2002-09-07 00:00:00,I,2018-08-31 23:59:59.0,공동탕업,207035.218432987    ,447704.663602133    ,공동탕업,0,0,0,,0,,0,0,0,N,0,,,,,,,,,,N,,,서울시광진구목욕장업인허가정보.csv
3040000,3040000-202-1982-00081,19820927,,03,폐업,02,폐업,20110614,,,,02 4465830,236.55,143873,서울특별시 광진구 자양동 679-28번지 ,,,고려탕,2003-02-26 00:00:00,I,2018-08-31 23:59:59.0,공동탕업,207450.459179791    ,447746.321126737    ,공동탕업,,,,,,,,,,N,,,,,,,,,,,N,,,서울시광진구목욕장업인허가정보.csv
3040000,3040000-202-1982-00082,19821216,,03,폐업,02,폐업,19990723,,,,024469 800,.00,143912,서울특별시 광진구 중곡동 647-21번지 ,,,대경,2002-08-19 00:00:00,I,2018-08-31 23:59:59.0,공동탕업,207030.250867409    ,450781.379549387    ,공동탕업,0,0,0,,0,,0,0,0,N,0,,,,,,,,,,N,,,서울시광진구목욕장업인허가정보.csv
3040000,3040000-202-1982-00083,19820920,,03,폐업,02,폐업,19960624,,,,0211111111,.00,143826,서울특별시 광진구 구의동 248-140번지 ,,,덕운,2002-07-31 00:00:00,I,2018-08-31 23:59:59.0,공동탕업,207572.70864703     ,448680.326713005    ,공동탕업,0,0,0,,0,,0,0,0,N,0,,,,,,,,,,N,,,서울시광진구목욕장업인허가정보.csv
3040000,3040000-202-1983-00018,19830503,,03,폐업,02,폐업,20081126,,,,02 4571538,195.07,143887,서울특별시 광진구 중곡동 62-30번지 ,,,천일탕,2004-09-23 00:00:00,I,2018-08-31 23:59:59.0,공동탕업,,,공동탕업,,,,,,,,,,N,,,,,,,,,,,N,,,서울시광진구목욕장업인허가정보.csv
3040000,3040000-202-1983-00028,19830210,,03,폐업,02,폐업,19961219,,,,02 4631666,236.08,143845,서울특별시 광진구 자양동 115-8번지 ,,,서호탕,2001-11-29 00:00:00,I,2018-08-31 23:59:59.0,공동탕업,,,공동탕업,0,0,0,,0,,0,0,0,N,0,,,,,,,,,,N,,,서울시광진구목욕장업인허가정보.csv
3040000,3040000-202-1983-00032,19830625,,03,폐업,02,폐업,19990706,,,,02 4638262,138.00,143845,서울특별시 광진구 자양동 74-1번지 ,,,삼풍탕,1999-07-13 00:00:00,I,2018-08-31 23:59:59.0,공동탕업,,,공동탕업,0,0,0,,0,,0,0,0,N,0,,,,,,,,,,N,,,서울시광진구목욕장업인허가정보.csv
3040000,3040000-202-1983-00033,19830909,,03,폐업,02,폐업,19970328,,,,02 4640026,187.62,143846,서울특별시 광진구 자양동 203-2번지 ,,,강변장여관목욕탕,2001-11-29 00:00:00,I,2018-08-31 23:59:59.0,공동탕업,205310.285709458    ,448183.850317743    ,공동탕업,0,0,0,,0,,0,0,0,N,0,,,,,,,,,,N,,,서울시광진구목욕장업인허가정보.csv
3040000,3040000-202-1983-00036,19830929,,03,폐업,02,폐업,20040619,,,,0204631211,193.90,143917,서울특별시 광진구 화양동 42-3번지 ,,,영천탕,2002-09-07 00:00:00,I,2018-08-31 23:59:59.0,공동탕업,205711.907068319    ,449015.469460301    ,공동탕업,0,0,0,,0,,0,0,0,N,0,,,,,,,,,,N,,,서울시광진구목욕장업인허가정보.csv
3040000,3040000-202-1983-00040,19830603,,03,폐업,02,폐업,19980319,,,,02 4675180,332.52,143838,서울특별시 광진구 군자동 469-22번지 ,,,녹천탕,2001-11-29 00:00:00,I,2018-08-31 23:59:59.0,공동탕업,206678.650243653    ,450573.359771289    ,공동탕업,0,0,0,,0,,0,0,0,N,0,,,,,,,,,,N,,,서울시광진구목욕장업인허가정보.csv
3040000,3040000-202-1983-00045,19830825,,03,폐업,02,폐업,19970729,,,,02 4469805,285.30,143885,서울특별시 광진구 중곡동 31-36번지 ,,,용정탕,2001-11-29 00:00:00,I,2018-08-31 23:59:59.0,공동탕업,207299.658338386    ,451267.124132505    ,공동탕업,0,0,0,,0,,0,0,0,N,0,,,,,,,,,,N,,,서울시광진구목욕장업인허가정보.csv
3040000,3040000-202-1983-00052,19831107,,03,폐업,02,폐업,19970317,,,,02 4668085,233.64,143902,서울특별시 광진구 중곡동 198-42번지 ,,,경호탕,2001-11-29 00:00:00,I,2018-08-31 23:59:59.0,공동탕업,207275.477261312    ,451840.405435241    ,공동탕업,0,0,0,,0,,0,0,0,N,0,,,,,,,,,,N,,,서울시광진구목욕장업인허가정보.csv
3040000,3040000-202-1983-00054,19830620,,03,폐업,02,폐업,20020507,,,,02 4324785,130.24,143220,서울특별시 광진구 중곡동 608-5번지 ,,,올림피아탕,2002-07-31 00:00:00,I,2018-08-31 23:59:59.0,공동탕업,207517.258952999    ,452012.470712384    ,공동탕업,0,0,0,,0,,0,0,0,N,0,,,,,,,,,,N,,,서울시광진구목욕장업인허가정보.csv
3040000,3040000-202-1983-00056,19830908,,03,폐업,02,폐업,19980310,,,,02 4454443,200.18,143888,서울특별시 광진구 중곡동 94-15번지 ,,,제일탕,2001-11-29 00:00:00,I,2018-08-31 23:59:59.0,공동탕업,207850.472864274    ,450253.602991313    ,공동탕업,0,0,0,,0,,0,0,0,N,0,,,,,,,,,,N,,,서울시광진구목욕장업인허가정보.csv
3040000,3040000-202-1983-00057,19831214,,03,폐업,02,폐업,20020507,,,,02 4530338,301.62,143888,서울특별시 광진구 중곡동 98-3번지 ,,,한일탕,2002-07-31 00:00:00,I,2018-08-31 23:59:59.0,공동탕업,208029.394623732    ,450399.029746404    ,공동탕업,0,0,0,,0,,0,0,0,N,0,,,,,,,,,,N,,,서울시광진구목욕장업인허가정보.csv
3040000,3040000-202-1983-00062,19830524,,03,폐업,02,폐업,20020507,,,,02 4535061,194.12,143821,서울특별시 광진구 구의동 201-3번지 ,,,정원탕,2002-07-31 00:00:00,I,2018-08-31 23:59:59.0,공동탕업,208263.69457561     ,448886.418038269    ,공동탕업,0,0,0,,0,,0,0,0,N,0,,,,,,,,,,N,,,서울시광진구목욕장업인허가정보.csv
3040000,3040000-202-1983-00063,19831007,,03,폐업,02,폐업,20020529,,,,02 4547314,354.49,143822,서울특별시 광진구 구의동 210-41번지 ,,,덕수탕,2003-03-19 00:00:00,I,2018-08-31 23:59:59.0,공동탕업,,,공동탕업,,,,,,,,,,N,,,,,,,,,,,N,,,서울시광진구목욕장업인허가정보.csv
3040000,3040000-202-1983-00068,19830218,,03,폐업,02,폐업,20000430,,,,0204521128,286.33,143827,서울특별시 광진구 구의동 254-86번지 ,,,대현탕,2003-03-19 00:00:00,I,2018-08-31 23:59:59.0,공동탕업,207388.735564658    ,449057.9263005      ,공동탕업,,,,,,,,,,N,,,,,,,,,,,N,,,서울시광진구목욕장업인허가정보.csv
3040000,3040000-202-1983-00073,19830125,,03,폐업,02,폐업,20020507,,,,02 4455998,294.92,143852,서울특별시 광진구 자양동 228-14번지 ,,,광영탕,2002-07-31 00:00:00,I,2018-08-31 23:59:59.0,공동탕업,,,공동탕업,0,0,0,,0,,0,0,0,N,0,,,,,,,,,,N,,,서울시광진구목욕장업인허가정보.csv
3040000,3040000-202-1983-00079,19830113,,03,폐업,02,폐업,20020916,,,,02 4555207,248.69,143872,서울특별시 광진구 자양동 651-54번지 ,,,하나탕,2002-10-01 00:00:00,I,2018-08-31 23:59:59.0,공동탕업,207215.388300842    ,447577.178294961    ,공동탕업,0,0,0,,0,,0,0,0,N,0,,,,,,,,,,N,,,서울시광진구목욕장업인허가정보.csv
3040000,3040000-202-1983-00080,19830210,,03,폐업,02,폐업,19961209,,,,024631 666,.00,143845,서울특별시 광진구 자양동 115-8번지 ,,,서호탕,2002-08-19 00:00:00,I,2018-08-31 23:59:59.0,공동탕업,,,공동탕업,0,0,0,,0,,0,0,0,N,0,,,,,,,,,,N,,,서울시광진구목욕장업인허가정보.csv
3040000,3040000-202-1983-00081,19830625,,03,폐업,02,폐업,19990706,,,,024638 262,.00,143845,서울특별시 광진구 자양동 74-1번지 ,,,삼풍,2002-08-19 00:00:00,I,2018-08-31 23:59:59.0,공동탕업,,,공동탕업,0,0,0,,0,,0,0,0,N,0,,,,,,,,,,N,,,서울시광진구목욕장업인허가정보.csv
3040000,3040000-202-1983-00082,19830909,,03,폐업,02,폐업,19970328,,,,0211111111,.00,143846,서울특별시 광진구 자양동 203-2번지 ,,,강변,2002-08-19 00:00:00,I,2018-08-31 23:59:59.0,공동탕업,205310.285709458    ,448183.850317743    ,공동탕업,0,0,0,,0,,0,0,0,N,0,,,,,,,,,,N,,,서울시광진구목욕장업인허가정보.csv
3040000,3040000-202-1983-00083,19830825,,03,폐업,02,폐업,19970729,,,,0211111111,.00,143885,서울특별시 광진구 중곡동 31-36번지 ,,,용정,2002-07-31 00:00:00,I,2018-08-31 23:59:59.0,공동탕업,207299.658338386    ,451267.124132505    ,공동탕업,0,0,0,,0,,0,0,0,N,0,,,,,,,,,,N,,,서울시광진구목욕장업인허가정보.csv
3040000,3040000-202-1983-00084,19831107,,03,폐업,02,폐업,19970317,,,,0211111111,.00,143902,서울특별시 광진구 중곡동 198-42번지 ,,,경호,2002-07-31 00:00:00,I,2018-08-31 23:59:59.0,공동탕업,207275.477261312    ,451840.405435241    ,공동탕업,0,0,0,,0,,0,0,0,N,0,,,,,,,,,,N,,,서울시광진구목욕장업인허가정보.csv
3040000,3040000-202-1983-00085,19830908,,03,폐업,02,폐업,19980310,,,,024574 443,.00,143888,서울특별시 광진구 중곡동 94-15번지 ,,,제일,2002-07-31 00:00:00,I,2018-08-31 23:59:59.0,공동탕업,207850.472864274    ,450253.602991313    ,공동탕업,0,0,0,,0,,0,0,0,N,0,,,,,,,,,,N,,,서울시광진구목욕장업인허가정보.csv
3040000,3040000-202-1984-00050,19841005,,03,폐업,02,폐업,20020507,,,,02 4674200,208.88,143901,서울특별시 광진구 중곡동 193-35번지 ,,,대원탕,2002-07-31 00:00:00,I,2018-08-31 23:59:59.0,공동탕업,207145.996016524    ,451461.155352247    ,공동탕업,0,0,0,,0,,0,0,0,N,0,,,,,,,,,,N,,,서울시광진구목욕장업인허가정보.csv
3040000,3040000-202-1984-00061,19841101,,03,폐업,02,폐업,20020725,,,,02 4536718,222.86,143819,서울특별시 광진구 구의동 66-74번지 ,,,수안보목욕탕,2003-03-19 00:00:00,I,2018-08-31 23:59:59.0,공동탕업,207717.724777833    ,449272.764454508    ,공동탕업,,,,,,,,,,N,,,,,,,,,,,N,,,서울시광진구목욕장업인허가정보.csv
3040000,3040000-202-1984-00076,19841024,,03,폐업,02,폐업,19990706,,,,0204650922,237.09,143862,서울특별시 광진구 자양동 553-379번지 ,,,천일탕,1999-07-13 00:00:00,I,2018-08-31 23:59:59.0,공동탕업,205819.55963304     ,448195.852099698    ,공동탕업,0,0,0,,0,,0,0,0,N,0,,,,,,,,,,N,,,서울시광진구목욕장업인허가정보.csv
3040000,3040000-202-1984-00082,19840118,,03,폐업,02,폐업,19910402,,,,02 4672588,279.67,143841,서울특별시 광진구 자양동 7-17번지 ,,,재흥탕,2001-11-29 00:00:00,I,2018-08-31 23:59:59.0,공동탕업,205981.530324352    ,448685.25719951     ,공동탕업,0,0,0,,0,,0,0,0,N,0,,,,,,,,,,N,,,서울시광진구목욕장업인허가정보.csv
3040000,3040000-202-1984-00099,19841128,,03,폐업,02,폐업,19890309,,,,02 4632940,200.86,143915,서울특별시 광진구 화양동 116-2번지 ,,,낙원탕,2001-11-29 00:00:00,I,2018-08-31 23:59:59.0,공동탕업,206196.490105448    ,449486.201330539    ,공동탕업,0,0,0,,0,,0,0,0,N,0,,,,,,,,,,N,,,서울시광진구목욕장업인허가정보.csv
3040000,3040000-202-1984-00102,19840306,,03,폐업,02,폐업,19910829,,,,02 4641177,.00,143915,서울특별시 광진구 화양동 127-3번지 ,,,우정탕,2001-11-29 00:00:00,I,2018-08-31 23:59:59.0,공동탕업,206187.593553444    ,449284.764126556    ,공동탕업,0,0,0,,0,,0,0,0,N,0,,,,,,,,,,N,,,서울시광진구목욕장업인허가정보.csv
3040000,3040000-202-1984-00114,19840705,,03,폐업,02,폐업,19951207,,,,0204679287,127.70,143877,서울특별시 광진구 자양동 548-3번지 ,,,경동탕,2001-11-29 00:00:00,I,2018-08-31 23:59:59.0,공동탕업,205963.789092452    ,448319.67918897     ,공동탕업,0,0,0,,0,,0,0,0,N,0,,,,,,,,,,N,,,서울시광진구목욕장업인허가정보.csv
3040000,3040000-202-1984-00115,19841024,,03,폐업,02,폐업,19990706,,,,024650 922,.00,143190,서울특별시 광진구 자양동 559-379번지 ,,,천일,2002-07-31 00:00:00,I,2018-08-31 23:59:59.0,공동탕업,,,공동탕업,0,0,0,,0,,0,0,0,N,0,,,,,,,,,,N,,,서울시광진구목욕장업인허가정보.csv
3040000,3040000-202-1985-00035,19850904,,03,폐업,02,폐업,20020115,,,,02 4466542,194.25,143915,서울특별시 광진구 화양동 92-3번지 ,,,모진목욕탕,2002-07-31 00:00:00,I,2018-08-31 23:59:59.0,공동탕업,206411.156552359    ,449203.074318198    ,공동탕업,0,0,0,,0,,0,0,0,N,0,,,,,,,,,,N,,,서울시광진구목욕장업인허가정보.csv
3040000,3040000-202-1985-00038,19850128,,03,폐업,02,폐업,20000301,,,,02 4686919,137.64,143837,서울특별시 광진구 군자동 36-0번지 ,,,대원탕,2003-03-19 00:00:00,I,2018-08-31 23:59:59.0,공동탕업,206515.754766314    ,450473.933339112    ,공동탕업,,,,,,,,,,N,,,,,,,,,,,N,,,서울시광진구목욕장업인허가정보.csv
3040000,3040000-202-1985-00049,19851114,,01,영업/정상,01,영업,,,,,02 4577080,309.97,143896,서울특별시 광진구 중곡동 150-178,서울특별시 광진구 긴고랑로 91 (중곡동),04936,경원탕,2022-10-05 09:44:55,U,2021-10-31 00:07:00.0,공동탕업,207514.918490401,450933.383229403,,,,,,,,,,,,,,,,,,,,,,,,,서울시광진구목욕장업인허가정보.csv
3040000,3040000-202-1985-00112,19850130,,03,폐업,02,폐업,19910528,,,,02 4527065,220.60,143875,서울특별시 광진구 자양동 685-4번지 ,,,광진탕,2001-11-29 00:00:00,I,2018-08-31 23:59:59.0,공동탕업,207597.624173402    ,447754.934754273    ,공동탕업,0,0,0,,0,,0,0,0,N,0,,,,,,,,,,N,,,서울시광진구목욕장업인허가정보.csv
3040000,3040000-202-1985-00113,19850130,,03,폐업,02,폐업,19910629,,,,02 4538098,230.89,143875,서울특별시 광진구 자양동 687-0번지 ,,,한양탕,2001-11-29 00:00:00,I,2018-08-31 23:59:59.0,공동탕업,207719.84779687     ,447773.388572371    ,공동탕업,0,0,0,,0,,0,0,0,N,0,,,,,,,,,,N,,,서울시광진구목욕장업인허가정보.csv
3040000,3040000-202-1985-00118,19850902,,03,폐업,02,폐업,20181113,,,,024555 000,257.34,143800,서울특별시 광진구 광장동 21번지 ,서울특별시 광진구 워커힐로 177 (광장동),04963,매튜스사우나,2018-11-13 15:02:25,U,2018-11-15 02:36:27.0,목욕장업 기타,209766.973555533    ,450385.000713887    ,목욕장업 기타,0,0,0,0,0,0,0,0,0,N,0,,,,,0,,,0,0,N,,,서울시광진구목욕장업인허가정보.csv
3040000,3040000-202-1985-00119,19850118,,03,폐업,02,폐업,19970630,,,,024530 123,.00,143858,서울특별시 광진구 자양동 466-8번지 ,,,영동,2002-07-31 00:00:00,I,2018-08-31 23:59:59.0,공동탕업,206324.446092607    ,447831.329438269    ,공동탕업,0,0,0,,0,,0,0,0,N,0,,,,,,,,,,N,,,서울시광진구목욕장업인허가정보.csv
3040000,3040000-202-1986-00069,19861201,,03,폐업,02,폐업,20070628,,,,0204536612,207.56,143806,서울특별시 광진구 광장동 257-11번지 ,,,정인탕,2002-09-07 00:00:00,I,2018-08-31 23:59:59.0,공동탕업,,,공동탕업,0,0,0,,0,,0,0,0,N,0,,,,,,,,,,N,,,서울시광진구목욕장업인허가정보.csv
3040000,3040000-202-1986-00075,19860902,,03,폐업,02,폐업,19970602,,,,02 4533477,345.48,143864,서울특별시 광진구 자양동 581-3번지 ,,,자양온천탕,2001-11-29 00:00:00,I,2018-08-31 23:59:59.0,공동탕업,206582.194379876    ,447827.346331667    ,공동탕업,0,0,0,,0,,0,0,0,N,0,,,,,,,,,,N,,,서울시광진구목욕장업인허가정보.csv
3040000,3040000-202-1986-00083,19860118,,03,폐업,02,폐업,19970630,,,,02 4530123,285.80,143858,서울특별시 광진구 자양동 466-8번지 ,,,영동온천탕,2001-11-29 00:00:00,I,2018-08-31 23:59:59.0,공동탕업,206324.446092607    ,447831.329438269    ,공동탕업,0,0,0,,0,,0,0,0,N,0,,,,,,,,,,N,,,서울시광진구목욕장업인허가정보.csv
3040000,3040000-202-1986-00084,19861215,,03,폐업,02,폐업,19951025,,,,0211111111,.00,143840,서울특별시 광진구 군자동 350-3번지 ,,,서린,2002-07-31 00:00:00,I,2018-08-31 23:59:59.0,공동탕업,206038.869513525    ,449844.379971087    ,공동탕업,0,0,0,,0,,0,0,0,N,0,,,,,,,,,,N,,,서울시광진구목욕장업인허가정보.csv
3040000,3040000-202-1986-00085,19860603,,03,폐업,02,폐업,19980819,,,,124675 180,.00,143838,서울특별시 광진구 군자동 469-22번지 ,,,녹천,2002-08-19 00:00:00,I,2018-08-31 23:59:59.0,공동탕업,206678.650243653    ,450573.359771289    ,공동탕업,0,0,0,,0,,0,0,0,N,0,,,,,,,,,,N,,,서울시광진구목욕장업인허가정보.csv
3040000,3040000-202-1986-00086,19860902,,03,폐업,02,폐업,19970602,,,,021111 111,.00,143864,서울특별시 광진구 자양동 581-3번지 ,,,자양온천,2002-07-31 00:00:00,I,2018-08-31 23:59:59.0,공동탕업,206582.194379876    ,447827.346331667    ,공동탕업,0,0,0,,0,,0,0,0,N,0,,,,,,,,,,N,,,서울시광진구목욕장업인허가정보.csv
3040000,3040000-202-1987-00053,19870619,,03,폐업,02,폐업,20060731,,,,02 4911527,263.05,143909,서울특별시 광진구 중곡동 561-3번지 ,,,경성탕,2004-08-19 00:00:00,I,2018-08-31 23:59:59.0,공동탕업,207255.012800448    ,452100.903431521    ,공동탕업,,,,,,,,,,N,,,,,,,,,,,N,,,서울시광진구목욕장업인허가정보.csv
3040000,3040000-202-1987-00084,19870929,,03,폐업,02,폐업,19980523,,,,02 4982539,144.00,143839,서울특별시 광진구 군자동 341-44번지 ,,,청운탕,2001-11-29 00:00:00,I,2018-08-31 23:59:59.0,공동탕업,206093.656095433    ,449958.961997649    ,공동탕업,0,0,0,,0,,0,0,0,N,0,,,,,,,,,,N,,,서울시광진구목욕장업인허가정보.csv
3040000,3040000-202-1987-00085,19871002,,03,폐업,02,폐업,19970204,,,,02 4589111,974.71,143873,서울특별시 광진구 자양동 663-21번지 ,,,성동대중탕,2001-11-29 00:00:00,I,2018-08-31 23:59:59.0,공동탕업,207368.624495222    ,447632.296040333    ,공동탕업,0,0,0,,0,,0,0,0,N,0,,,,,,,,,,N,,,서울시광진구목욕장업인허가정보.csv
3040000,3040000-202-1987-00086,19871226,,01,영업/정상,01,영업,,,,,02  444 5557,401.08,143888,서울특별시 광진구 중곡동 81-2번지 ,서울특별시 광진구 자양로53길 109 (중곡동),04949,매일온천탕,2019-03-29 15:10:28,U,2019-03-31 02:40:00.0,공동탕업,207810.403785191    ,450516.672626436    ,공동탕업,0,0,0,0,0,0,0,0,0,N,0,,,,,0,,,0,0,N,,,서울시광진구목욕장업인허가정보.csv
3040000,3040000-202-1987-00087,19870927,,03,폐업,02,폐업,19980523,,,,021982 539,.00,143839,서울특별시 광진구 군자동 341-44번지 ,,,청운,2002-07-31 00:00:00,I,2018-08-31 23:59:59.0,공동탕업,206093.656095433    ,449958.961997649    ,공동탕업,0,0,0,,0,,0,0,0,N,0,,,,,,,,,,N,,,서울시광진구목욕장업인허가정보.csv
3040000,3040000-202-1987-00088,19871002,,03,폐업,02,폐업,19970204,,,,0211111111,.00,143873,서울특별시 광진구 자양동 663-21번지 ,,,성동대중,2002-07-31 00:00:00,I,2018-08-31 23:59:59.0,공동탕업,207368.624495222    ,447632.296040333    ,공동탕업,0,0,0,,0,,0,0,0,N,0,,,,,,,,,,N,,,서울시광진구목욕장업인허가정보.csv
3040000,3040000-202-1988-00020,19880516,,01,영업/정상,01,영업,,,,,02 4589333,578.36,143862,서울특별시 광진구 자양동 553-501번지 ,서울특별시 광진구 뚝섬로 552 (자양동),05090,비취보석대중탕,2016-01-27 16:20:12,I,2018-08-31 23:59:59.0,공동탕업,206230.081675753    ,448001.810333908    ,공동탕업,0,0,0,0,0,0,0,0,0,N,0,,,,,0,,,0,0,N,,,서울시광진구목욕장업인허가정보.csv
3040000,3040000-202-1988-00087,19880109,,03,폐업,02,폐업,20150226,,,,02  462 6666,957.06,143914,서울특별시 광진구 화양동 10-1번지 ,서울특별시 광진구 능동로13길 39 (화양동),05016,역발산센터,2015-02-26 11:21:16,I,2018-08-31 23:59:59.0,공동탕업+찜질시설서비스영업,206107.775163579    ,449029.342177779    ,공동탕업+찜질시설서비스영업,0,0,0,0,0,0,0,0,0,N,0,,,,,0,,,0,0,N,,,서울시광진구목욕장업인허가정보.csv
3040000,3040000-202-1989-00088,19891017,,03,폐업,02,폐업,20060529,,,,02 4658500,691.54,143840,서울특별시 광진구 군자동 355-1번지 ,,,삼부사우나,2004-06-19 00:00:00,I,2018-08-31 23:59:59.0,공동탕업,205967.569066641    ,449666.965763188    ,공동탕업,,,,,,,,,,N,,,,,,,,,,,N,,,서울시광진구목욕장업인허가정보.csv
3040000,3040000-202-1989-00089,19891230,,03,폐업,02,폐업,19980812,,,,02 4522150,515.06,143821,서울특별시 광진구 구의동 199-90번지 ,,,신흥탕,2001-11-29 00:00:00,I,2018-08-31 23:59:59.0,공동탕업,,,공동탕업,0,0,0,,0,,0,0,0,N,0,,,,,,,,,,N,,,서울시광진구목욕장업인허가정보.csv
3040000,3040000-202-1989-00104,19890329,,03,폐업,02,폐업,20060316,,,,02 4526387,569.11,143851,서울특별시 광진구 자양동 216-4번지 ,,,로얄대중탕,2005-09-09 00:00:00,I,2018-08-31 23:59:59.0,공동탕업,207521.652888219    ,448292.246800144    ,공동탕업,0,0,0,,0,,0,0,0,N,0,,,,,,,,,,N,,,서울시광진구목욕장업인허가정보.csv
3040000,3040000-202-1989-00115,19890909,,03,폐업,02,폐업,19950703,,,,02 4474532,508.40,143200,서울특별시 광진구 구의동 546-1번지 ,,,동서울터미널목욕탕,2001-11-29 00:00:00,I,2018-08-31 23:59:59.0,공동탕업,208201.993320839    ,447967.299542306    ,공동탕업,0,0,0,,0,,0,0,0,N,0,,,,,,,,,,N,,,서울시광진구목욕장업인허가정보.csv
3040000,3040000-202-1989-00116,19891230,,03,폐업,02,폐업,19980812,,,,024446 325,.00,143821,서울특별시 광진구 구의동 199-90번지 ,,,신흥,2002-07-31 00:00:00,I,2018-08-31 23:59:59.0,공동탕업,,,공동탕업,0,0,0,,0,,0,0,0,N,0,,,,,,,,,,N,,,서울시광진구목욕장업인허가정보.csv
3040000,3040000-202-1990-00030,19901116,,03,폐업,02,폐업,19980413,,,,02 4531734,505.52,143814,서울특별시 광진구 광장동 484-0번지 2필지 ,,,현대탕,2001-11-29 00:00:00,I,2018-08-31 23:59:59.0,공동탕업,208644.819209521    ,448711.725750126    ,공동탕업,0,0,0,,0,,0,0,0,N,0,,,,,,,,,,N,,,서울시광진구목욕장업인허가정보.csv
3040000,3040000-202-1990-00090,19900228,,03,폐업,02,폐업,20170502,,,,0204696701,716.69,143914,서울특별시 광진구 화양동 7-2번지 ,서울특별시 광진구 아차산로 237 (화양동),05018,건국대중목욕탕,2017-05-02 16:09:58,I,2018-08-31 23:59:59.0,공동탕업,206095.633064738    ,448699.143307408    ,공동탕업,0,0,0,,0,,0,0,0,N,0,,,,,,,,,,N,,,서울시광진구목욕장업인허가정보.csv
3040000,3040000-202-1990-00091,19901116,,03,폐업,02,폐업,19980413,,,,02 4531734,.00,143814,서울특별시 광진구 광장동 484번지 외 2필지 ,,,현대탕,2002-08-19 00:00:00,I,2018-08-31 23:59:59.0,공동탕업,208644.819209521    ,448711.725750126    ,공동탕업,0,0,0,,0,,0,0,0,N,0,,,,,,,,,,N,,,서울시광진구목욕장업인허가정보.csv
3040000,3040000-202-1991-00117,19910501,,03,폐업,02,폐업,19980810,,,,02 4551100,.00,143831,서울특별시 광진구 구의동 595-0번지 ,,,(주)동서울관광호텔한증막업,2001-11-29 00:00:00,I,2018-08-31 23:59:59.0,한증막업,208051.884671132    ,447994.805558304    ,한증막업,0,0,0,,0,,0,0,0,N,0,,,,,,,,,,N,,,서울시광진구목욕장업인허가정보.csv
3040000,3040000-202-1991-00118,19910315,,03,폐업,02,폐업,19950703,,,,024448 803,.00,143200,서울특별시 광진구 구의동 546-1번지 ,,,동서울,2002-07-31 00:00:00,I,2018-08-31 23:59:59.0,공동탕업,208201.993320839    ,447967.299542306    ,공동탕업,0,0,0,,0,,0,0,0,N,0,,,,,,,,,,N,,,서울시광진구목욕장업인허가정보.csv
3040000,3040000-202-1992-00092,19920901,,03,폐업,02,폐업,20010922,,,,02 4986247,369.74,143916,서울특별시 광진구 화양동 18-3번지 ,,,헬탑대중사우나,2003-03-19 00:00:00,I,2018-08-31 23:59:59.0,공동탕업,206134.078109767    ,449495.06302528     ,공동탕업,,,,,,,,,,N,,,,,,,,,,,N,,,서울시광진구목욕장업인허가정보.csv
3040000,3040000-202-1992-00094,19920926,,03,폐업,02,폐업,20070730,,,,02 4550886,285.81,143889,서울특별시 광진구 중곡동 115-1번지 ,,,대공원탕,2004-03-16 00:00:00,I,2018-08-31 23:59:59.0,공동탕업,207856.076122688    ,450146.383065946    ,공동탕업,0,0,0,,0,,0,0,0,N,0,,,,,,,,,,N,,,서울시광진구목욕장업인허가정보.csv
3040000,3040000-202-1992-00096,19921120,,03,폐업,02,폐업,20020507,,,,02 4621768,260.26,143916,서울특별시 광진구 화양동 34-48번지 ,,,조양대중탕,2002-07-31 00:00:00,I,2018-08-31 23:59:59.0,공동탕업,206008.177641695    ,448982.600677679    ,공동탕업,0,0,0,,0,,0,0,0,N,0,,,,,,,,,,N,,,서울시광진구목욕장업인허가정보.csv
3040000,3040000-202-1993-00021,19930709,,03,폐업,02,폐업,20000703,,,,02 4471081,351.56,143817,서울특별시 광진구 구의동 54-13번지 ,,,조영목욕탕,2000-07-03 00:00:00,I,2018-08-31 23:59:59.0,공동탕업,207979.88297951     ,449841.076765545    ,공동탕업,0,0,0,,0,,0,0,0,N,0,,,,,,,,,,N,,,서울시광진구목욕장업인허가정보.csv
3040000,3040000-202-1993-00026,19931015,,03,폐업,02,폐업,19990413,,,,02 4578036,476.67,143849,서울특별시 광진구 능동 246-9번지 ,,,동림대중탕,1999-04-14 00:00:00,I,2018-08-31 23:59:59.0,공동탕업,207447.364228031    ,450262.68711335     ,공동탕업,0,0,0,,0,,0,0,0,N,0,,,,,,,,,,N,,,서울시광진구목욕장업인허가정보.csv
3040000,3040000-202-1993-00098,19930709,,03,폐업,02,폐업,20170402,,,,02 4565558,707.07,143831,서울특별시 광진구 구의동 596-5번지 ,서울특별시 광진구 뚝섬로 742 (구의동),05115,동방대중목욕탕,2017-03-20 13:50:41,I,2018-08-31 23:59:59.0,공동탕업,208006.504810197    ,447998.924380413    ,공동탕업,0,0,0,0,0,0,0,0,0,N,0,,,,,0,,,0,0,N,,,서울시광진구목욕장업인허가정보.csv
3040000,3040000-202-1993-00099,19930709,,03,폐업,02,폐업,20000713,,,,02 4471081,.00,143817,서울특별시 광진구 구의동 54-13번지 ,,,조영목욕탕,2002-08-19 00:00:00,I,2018-08-31 23:59:59.0,공동탕업,207979.88297951     ,449841.076765545    ,공동탕업,0,0,0,,0,,0,0,0,N,0,,,,,,,,,,N,,,서울시광진구목욕장업인허가정보.csv
3040000,3040000-202-1993-00100,19931015,,03,폐업,02,폐업,19990413,,,,02 4578036,.00,143849,서울특별시 광진구 능동 246-9번지 ,,,동림목욕탕,2002-08-19 00:00:00,I,2018-08-31 23:59:59.0,공동탕업,207447.364228031    ,450262.68711335     ,공동탕업,0,0,0,,0,,0,0,0,N,0,,,,,,,,,,N,,,서울시광진구목욕장업인허가정보.csv
3040000,3040000-202-1994-00025,19941123,,03,폐업,02,폐업,20050110,,,,02 2011422,519.85,143802,서울특별시 광진구 광장동 148-11번지 ,,,삼우대중목욕탕,2002-09-07 00:00:00,I,2018-08-31 23:59:59.0,공동탕업,209506.54940258     ,449634.030106178    ,공동탕업,0,0,0,,0,,0,0,0,N,0,,,,,,,,,,N,,,서울시광진구목욕장업인허가정보.csv
3040000,3040000-202-1994-00097,19940119,,03,폐업,02,폐업,20030725,,,,02 4681910,340.14,143842,서울특별시 광진구 자양동 23-4번지 ,,,미도대중목욕탕,2003-02-18 00:00:00,I,2018-08-31 23:59:59.0,공동탕업,205606.03952062     ,448838.919164077    ,공동탕업,,,,,,,,,,N,,,,,,,,,,,N,,,서울시광진구목욕장업인허가정보.csv
3040000,3040000-202-1994-00100,19940131,,03,폐업,02,폐업,20021001,,,,02 4464020,331.38,143864,서울특별시 광진구 자양동 584-3번지 ,,,대양목욕탕,2003-03-19 00:00:00,I,2018-08-31 23:59:59.0,공동탕업,206554.660007199    ,447700.642403113    ,공동탕업,,,,,,,,,,N,,,,,,,,,,,N,,,서울시광진구목욕장업인허가정보.csv
3040000,3040000-202-1994-00101,19940204,,01,영업/정상,01,영업,,,,,02 4562296,609.16,143863,서울특별시 광진구 자양동 580-9번지 ,서울특별시 광진구 뚝섬로 585 (자양동),05068,건강대중탕,2016-01-27 16:27:25,I,2018-08-31 23:59:59.0,공동탕업,206568.236371191    ,447940.022480401    ,공동탕업,0,0,0,0,0,0,0,0,0,N,0,,,,,0,,,0,0,N,,,서울시광진구목욕장업인허가정보.csv
3040000,3040000-202-1995-00023,19950415,,03,폐업,02,폐업,20090924,,,,02 4548645,670.00,143926,서울특별시 광진구 화양동 307-0번지 ,,,파크뷰,2009-04-30 08:23:01,I,2018-08-31 23:59:59.0,공동탕업,207027.90523073     ,449017.182232155    ,공동탕업,0,0,0,,0,,0,0,0,N,0,,,,,0,,,,,N,,,서울시광진구목욕장업인허가정보.csv
3040000,3040000-202-1995-00029,19950519,,03,폐업,02,폐업,20051223,,,,02 2015656,405.23,143847,서울특별시 광진구 능동 153-0번지 ,,,능동목욕탕,2002-09-07 00:00:00,I,2018-08-31 23:59:59.0,공동탕업,207031.559177653    ,450104.999351761    ,공동탕업,0,0,0,,0,,0,0,0,N,0,,,,,,,,,,N,,,서울시광진구목욕장업인허가정보.csv
3040000,3040000-202-1996-00070,19961220,,03,폐업,02,폐업,20140310,,,,02 4672744,830.30,143903,서울특별시 광진구 중곡동 231-1번지 ,서울특별시 광진구 면목로 127 (중곡동),04911,신성24시보석사우나,2011-04-20 09:09:08,I,2018-08-31 23:59:59.0,공동탕업+찜질시설서비스영업,207019.192311058    ,451435.772826853    ,공동탕업+찜질시설서비스영업,0,0,0,0,0,0,0,0,0,N,0,,,,,0,,,0,0,N,,,서울시광진구목욕장업인허가정보.csv
3040000,3040000-202-1996-00105,19960115,,01,영업/정상,01,영업,,,,,02 4985592,1,042.01,143900,서울특별시 광진구 중곡동 169-80 ,서울특별시 광진구 용마산로 171, 지하1~지상1층 (중곡동),04903,실로암 목욕장,2022-01-14 18:04:01,U,2022-01-16 02:40:00.0,공동탕업,207487.025205602    ,451864.561543605    ,공동탕업,0,0,1,1,1,1,0,0,0,N,0,,,,,0,0,0,0,0,N,서울시광진구목욕장업인허가정보.csv
3040000,3040000-202-1997-00103,19970109,,01,영업/정상,01,영업,,,,,02 4381565,500.32,143909,서울특별시 광진구 중곡동 579-1 ,서울특별시 광진구 면목로17길 40 (중곡동),04901,광명대중사우나,2021-05-10 13:06:10,U,2021-05-12 02:40:00.0,공동탕업,207092.481119161    ,452070.118445356    ,공동탕업,0,0,0,,0,,0,0,0,N,0,,,,,,,,,,N,,,서울시광진구목욕장업인허가정보.csv
3040000,3040000-202-1997-00106,19970409,,01,영업/정상,01,영업,,,,,02453 3233,694.69,143832,서울특별시 광진구 구의동 631-1번지 ,서울특별시 광진구 광나루로56길 63, 지층 (구의동, 프라임프라자상가),05119,프라임 노다지 사우나,2019-09-23 16:03:46,U,2019-09-25 02:40:00.0,공동탕업+찜질시설서비스영업,208558.286631653    ,448353.905156369    ,공동탕업+찜질시설서비스영업,,,,,2,2,,,,N,,,,,,,,,,,N,서울시광진구목욕장업인허가정보.csv
3040000,3040000-202-1997-00107,19970828,,03,폐업,02,폐업,20060518,,,,02 4530123,284.23,143190,서울특별시 광진구 자양동 466-8번지 ,13 ,,,영동탕,2005-06-15 00:00:00,I,2018-08-31 23:59:59.0,공동탕업,206324.446092607    ,447831.329438269    ,공동탕업,0,0,0,,0,,0,0,0,N,0,,,,,,,,,,N,,서울시광진구목욕장업인허가정보.csv
3040000,3040000-202-1997-00108,19971215,,01,영업/정상,01,영업,,,,,02 4663912,419.39,143839,서울특별시 광진구 군자동 103번지 ,서울특별시 광진구 군자로 108 (군자동),05004,세종대중목욕탕,2014-07-02 10:43:24,I,2018-08-31 23:59:59.0,공동탕업,206299.7504918      ,450037.825730524    ,공동탕업,0,0,0,,0,,0,0,0,N,0,,,,,,,,,,N,,,서울시광진구목욕장업인허가정보.csv
3040000,3040000-202-1998-00109,19980416,,03,폐업,02,폐업,20000620,,,,02 4531734,504.96,143814,서울특별시 광진구 광장동 484-0번지 ,,,현대목욕탕,2001-05-24 00:00:00,I,2018-08-31 23:59:59.0,공동탕업,208644.819209521    ,448711.725750126    ,공동탕업,0,0,0,,0,,0,0,0,N,0,,,,,,,,,,N,,,서울시광진구목욕장업인허가정보.csv
3040000,3040000-202-1998-00110,19980611,,03,폐업,02,폐업,20210406,,,,02 4992020,850.16,143842,서울특별시 광진구 자양동 846-9 ,서울특별시 광진구 뚝섬로27길 45 (자양동),05078,태영대중목욕탕,2021-04-06 13:17:18,U,2021-04-08 02:40:00.0,공동탕업,205761.443344855    ,448433.710316333    ,공동탕업,0,0,0,,0,,0,0,0,N,0,,,,,,,,,,N,,,서울시광진구목욕장업인허가정보.csv
3040000,3040000-202-1998-00116,19981030,,03,폐업,02,폐업,19990120,,,,02   0,.00,143831,서울특별시 광진구 구의동 595-0번지 ,,,(주)동서울관광호텔가족탕,1999-01-22 00:00:00,I,2018-08-31 23:59:59.0,목욕장업 기타,208051.884671132    ,447994.805558304    ,목욕장업 기타,0,0,0,,0,,0,0,0,N,0,,,,,,,,,,N,,,서울시광진구목욕장업인허가정보.csv
3040000,3040000-202-1999-00120,19990526,,03,폐업,02,폐업,20220705,,,,02 4463338,522.45,143826,서울특별시 광진구 구의동 252-14,서울특별시 광진구 자양로 126 (구의동),05043,황지사우나,2022-07-05 13:34:40,U,2021-12-07 00:07:00.0,공동탕업,207325.576921423,448526.049057258,,,,,,,,,,,,,,,,,,,,,,,,,서울시광진구목욕장업인허가정보.csv
3040000,3040000-202-2000-00001,20000908,,03,폐업,02,폐업,20061215,,,,02499 9555,1,320.00,143845,서울특별시 광진구 자양동 74-14번지 ,,,서울레저그레이트(주),2006-05-23 00:00:00,I,2018-08-31 23:59:59.0,공동탕업,205828.733665313    ,447787.808415064    ,공동탕업,,,,,,,,,,N,,,,,,,,,,,N,,서울시광진구목욕장업인허가정보.csv
3040000,3040000-202-2000-00002,20001121,,03,폐업,02,폐업,20200211,,,,02453 5131,462.00,143803,서울특별시 광진구 광장동 188-2번지 ,서울특별시 광진구 아차산로78길 147 (광장동),04969,한강호텔사우나(쉬리),2020-02-11 16:15:26,U,2020-02-13 02:40:00.0,공동탕업,209602.113978282    ,449468.709626347    ,공동탕업,0,0,1,1,0,0,0,0,0,N,0,,,,,0,,,0,0,N,,,서울시광진구목욕장업인허가정보.csv
3040000,3040000-202-2000-00003,20001204,,01,영업/정상,01,영업,,,,,02  34371212,792.00,143814,서울특별시 광진구 광장동 484번지 ,서울특별시 광진구 광나루로 635, 지층 201호 (광장동, 현대3단지 A상가),04974,현대싸파리대중사우나,2020-02-27 11:36:56,U,2020-02-29 02:40:00.0,공동탕업,208644.819209521    ,448711.725750126    ,공동탕업,0,0,0,0,1,1,0,0,0,N,0,,,,,0,,,0,0,N,서울시광진구목욕장업인허가정보.csv
3040000,3040000-202-2001-00001,20010108,,03,폐업,02,폐업,20061214,,,,024526 105,330.00,143873,서울특별시 광진구 자양동 679-30번지 ,,,대성목욕탕,2002-09-07 00:00:00,I,2018-08-31 23:59:59.0,공동탕업,207477.249050622    ,447754.123727158    ,공동탕업,0,0,0,,0,,0,0,0,N,0,,,,,,,,,,N,,,서울시광진구목욕장업인허가정보.csv
3040000,3040000-202-2001-00002,20011207,,03,폐업,02,폐업,20211202,,,,024994 393,1,650.00,143915,서울특별시 광진구 화양동 110-37 ,서울특별시 광진구 능동로19길 47 (화양동),05009,메사빌보석사우나,2021-12-02 09:18:44,U,2021-12-07 02:40:00.0,공동탕업+찜질시설서비스영업,206219.841921018    ,449420.862074319    ,공동탕업+찜질시설서비스영업,0,0,0,0,0,0,0,0,0,N,0,,,,,0,0,0,0,0,N,,서울시광진구목욕장업인허가정보.csv
3040000,3040000-202-2001-00003,20011226,,01,영업/정상,01,영업,,,,,02452 3688,495.00,143888,서울특별시 광진구 중곡동 79-9번지 ,서울특별시 광진구 용마산로 44, 지하1층 (중곡동),04949,한빛대중사우나,2020-03-13 10:44:47,U,2020-03-15 02:40:00.0,공동탕업+찜질시설서비스영업,207728.881211899    ,450600.779786883    ,공동탕업+찜질시설서비스영업,0,0,0,0,1,1,0,0,0,N,0,,,,,0,,,0,0,N,,서울시광진구목욕장업인허가정보.csv
3040000,3040000-202-2002-00001,20020902,,03,폐업,02,폐업,20130618,,,,02  444 1231,1,320.00,143821,서울특별시 광진구 구의동 199-18번지 ,서울특별시 광진구 구의강변로 106 (구의동),05117,수앤미사우나,2011-04-20 09:08:34,I,2018-08-31 23:59:59.0,공동탕업,208310.372259506    ,448631.437594782    ,공동탕업,0,0,0,0,1,1,0,0,0,N,0,,,,,0,,,0,0,N,,서울시광진구목욕장업인허가정보.csv
3040000,3040000-202-2003-00001,2003-01-02,,01,영업/정상,01,영업,,,,,02 4588682,1150.00,143-853,서울특별시 광진구 자양동 767-4,서울특별시 광진구 자양로 135 (자양동),05025,칠산레져대중사우나,2023-04-14 16:59:42,U,2022-12-03 23:06:00.0,공동탕업+찜질시설서비스영업,207258.38917202,448622.647538945,,,,,,,,,,,,,,,,,,,,,,,,,서울시광진구목욕장업인허가정보.csv
3040000,3040000-202-2003-00002,20030226,,03,폐업,02,폐업,20060109,,,,029094 800,330.00,143802,서울특별시 광진구 광장동 122번지 대산빌딩 지하1층 ,,,대산불한증막사우나,2004-04-10 00:00:00,I,2018-08-31 23:59:59.0,공동탕업,,,공동탕업,,,,,,,,,,N,,,,,,,,,,,N,,,서울시광진구목욕장업인허가정보.csv
3040000,3040000-202-2003-00003,20030808,,03,폐업,02,폐업,20050509,,,,02 4681910,346.35,143842,서울특별시 광진구 자양동 23-4번지 ,,,미도대중탕,2003-08-08 00:00:00,I,2018-08-31 23:59:59.0,공동탕업,205606.03952062     ,448838.919164077    ,공동탕업,4,1,,,1,1,,,2,N,,,,,임대,,,,,,N,,,서울시광진구목욕장업인허가정보.csv
3040000,3040000-202-2004-00001,20040214,,03,폐업,02,폐업,20080910,,,,02458 6655,912.54,143802,서울특별시 광진구 광장동 114번지 지하2층 ,,,광나루웰빙사우나,2006-04-24 00:00:00,I,2018-08-31 23:59:59.0,공동탕업,209637.078215509    ,449832.485937903    ,공동탕업,11,6,,,2,2,,,2,Y,,,,,,,,,,,N,,,서울시광진구목욕장업인허가정보.csv
3040000,3040000-202-2005-00001,20050120,,01,영업/정상,01,영업,,,,,02  455 3737,3,228.74,143831,서울특별시 광진구 구의동 593-15번지 ,서울특별시 광진구 구의강변로 45 (구의동),05049,강변스파랜드 24시 불가마,2020-06-23 14:55:19,U,2020-06-25 02:40:00.0,공동탕업+찜질시설서비스영업,207995.95709474     ,448085.242458867    ,공동탕업+찜질시설서비스영업,7,4,0,0,1,3,0,0,0,Y,0,,,,,0,,,0,0,N,,서울시광진구목욕장업인허가정보.csv
3040000,3040000-202-2005-00002,20050304,,03,폐업,02,폐업,20190715,,,,02452 5301,4,885.24,143875,서울특별시 광진구 자양동 685번지 지하1층 ~ 지상4층 ,서울특별시 광진구 자양로 38 (자양동,지하1층 ~ 지상4층),05112,해피데이스파,2019-07-15 16:38:12,U,2019-07-17 02:40:00.0,공동탕업+찜질시설서비스영업,207574.350933065    ,447709.275315842    ,공동탕업+찜질시설서비스영업,6,1,1,4,1,1,0,0,0,N,0,영업신고 수리는 임시사용승인기간(2005.2.28 ~ 2006.2.27)으로 하고 기간해제(사용검사 필)나 기간연장시는 자동으로 해제 또는 연장된것으로 본다.,20050304,20060227,,0,,,0,0,N,서울시광진구목욕장업인허가정보.csv
3040000,3040000-202-2005-00003,2005-11-23,,01,영업/정상,01,영업,,,,,0234360005,1455.03,143-873,서울특별시 광진구 자양동 663-21 와이엠프라젠스파 지하2층,서울특별시 광진구 자양로5길 33 (자양동,와이엠프라젠스파 지하2층),05102,우리유황온천,2023-04-11 13:29:26,U,2022-12-03 23:03:00.0,공동탕업,207368.624495222,447632.296040333,,,,,,,,,,,,,,,,,,,,,,,,서울시광진구목욕장업인허가정보.csv
3040000,3040000-202-2006-00001,20060526,,03,폐업,02,폐업,20110718,,,,02 4530123,346.68,143858,서울특별시 광진구 자양동 466-13번지 ,,,영동사우나,2008-06-05 14:30:52,I,2018-08-31 23:59:59.0,공동탕업,206334.968975022    ,447827.991523753    ,공동탕업,4,,1,2,,,,,2,Y,,,,,,,,,,,N,,,서울시광진구목욕장업인허가정보.csv
3040000,3040000-202-2006-00002,20060828,,03,폐업,02,폐업,20171023,,,,02 452 6388,295.99,143851,서울특별시 광진구 자양동 216-4번지 ,서울특별시 광진구 아차산로 388-1 (자양동),05051,로얄사우나,2017-10-23 16:59:45,I,2018-08-31 23:59:59.0,공동탕업,207521.652888219    ,448292.246800144    ,공동탕업,,,,,1,2,,,3,Y,,,,,,,,,,,N,,,서울시광진구목욕장업인허가정보.csv
3040000,3040000-202-2006-00003,20061031,,01,영업/정상,01,영업,,,,,02 4443111,266.99,143887,서울특별시 광진구 중곡동 74-28 ,서울특별시 광진구 긴고랑로42길 3-31 (중곡동),04947,호수목욕탕,2021-03-26 17:24:55,U,2021-03-28 02:40:00.0,공동탕업,208284.171547883    ,450763.173992446    ,공동탕업,3,1,1,2,,,,,2,N,,,,,,,,,,,N,,,서울시광진구목욕장업인허가정보.csv
3040000,3040000-202-2008-00001,20080916,,01,영업/정상,01,영업,,,,,02  453 0990,912.54,143802,서울특별시 광진구 광장동 114 ,서울특별시 광진구 아차산로78길 44 (광장동),04969,리버사이드 스포츠,2021-08-12 13:19:35,U,2021-08-14 02:40:00.0,공동탕업,209637.078215509    ,449832.485937903    ,공동탕업,11,6,0,0,1,2,0,0,2,Y,0,,,,,0,0,0,0,0,N,,,서울시광진구목욕장업인허가정보.csv
3040000,3040000-202-2009-00001,20090519,,03,폐업,02,폐업,20100427,,,,02  457 4848,218.57,143890,서울특별시 광진구 중곡동 118-1번지 (1~2층) ,,,동천탕,2009-05-19 09:42:53,I,2018-08-31 23:59:59.0,공동탕업,207636.980271729    ,450431.703408255    ,공동탕업,3,1,1,2,,,0,0,2,N,0,,,,,0,,,0,0,N,,,서울시광진구목욕장업인허가정보.csv
3040000,3040000-202-2009-00002,20090521,,01,영업/정상,01,영업,,,,,02  22185800,2,462.03,143758,서울특별시 광진구 자양동 227-342,서울특별시 광진구 능동로 90 (자양동, 더클래식 500),05065,건국 AMC The Classic 500,2022-10-18 15:37:48,U,2021-10-30 22:00:00.0,공동탕업,206217.434726027,448506.218743834,,,,,,,,,,,,,,,,,,,,,,,서울시광진구목욕장업인허가정보.csv
3040000,3040000-202-2010-00001,20100210,,03,폐업,02,폐업,20140314,,,,02  452 8012,66.11,143873,서울특별시 광진구 자양동 662-5번지 ,서울특별시 광진구 자양로5길 36, 지층 (자양동),05102,스파목욕장,2013-03-15 14:10:32,I,2018-08-31 23:59:59.0,목욕장업 기타,207332.900096276    ,447665.572094253    ,목욕장업 기타,4,1,,,1,1,0,0,0,Y,0,,,,,0,,,0,0,N,,서울시광진구목욕장업인허가정보.csv
3040000,3040000-202-2010-00002,20100819,,03,폐업,02,폐업,20190409,,,,02  498 8876,571.42,143840,서울특별시 광진구 군자동 360-20번지 ,서울특별시 광진구 광나루로 361 (군자동),05003,광진사우나,2019-04-09 14:14:17,U,2019-04-11 02:40:00.0,공동탕업+찜질시설서비스영업,206135.609362634    ,449591.555579704    ,공동탕업+찜질시설서비스영업,20,4,0,0,1,1,0,0,2,Y,0,,,,,0,,,0,0,N,,,서울시광진구목욕장업인허가정보.csv
3040000,3040000-202-2011-00001,20110613,,03,폐업,02,폐업,20190409,,,,02  34247812,66.00,143200,서울특별시 광진구 구의동 546-4번지 (프라임센터 12층) ,서울특별시 광진구 광나루로56길 85 (구의동,(프라임센터 12층)),05116,(주)아이에스휘트니스,2019-04-09 14:10:40,U,2019-04-11 02:40:00.0,목욕장업 기타,208394.416382167    ,448165.279999905    ,목욕장업 기타,,,,,,,,,,N,,,,,,,,,,,N,,서울시광진구목욕장업인허가정보.csv
3040000,3040000-202-2017-00001,20170529,,01,영업/정상,01,영업,,,,,02  446 0117,539.28,143831,서울특별시 광진구 구의동 596-5번지 ,서울특별시 광진구 뚝섬로 742 (구의동),05115,이안목욕탕,2020-06-10 14:22:26,U,2020-06-12 02:40:00.0,공동탕업,208006.504810197    ,447998.924380413    ,공동탕업,7,3,,,2,3,0,0,2,N,0,,,,임대,0,0,0,0,0,N,,,서울시광진구목욕장업인허가정보.csv
3040000,3040000-202-2018-00001,20180122,,01,영업/정상,01,영업,,,,,02 4524455,436.60,143758,서울특별시 광진구 자양동 227-7 더샵스타시티 지하1층, B100-1호 ,서울특별시 광진구 아차산로 272, 더샵스타시티 지하1층 B100-1호 (자양동),05065,주식회사 헬스보이컴퍼니,2021-09-28 17:07:10,U,2021-09-30 02:40:00.0,공동탕업,206349.675048285    ,448396.939704285    ,공동탕업,0,0,0,0,1,1,0,0,4,N,0,,,,임대,0,0,0,0,0,Y,서울시광진구목욕장업인허가정보.csv
3040000,3040000-202-2019-00001,2019-02-18,,03,폐업,02,폐업,2023-08-17,,,,02  450 4425,257.34,143-708,서울특별시 광진구 광장동 22-1 워커힐호텔,서울특별시 광진구 워커힐로 177, 워커힐호텔-매튜 1층 (광장동),04963,매튜사우나,2023-08-17 13:56:04,U,2022-12-07 23:09:00.0,공동탕업,209775.267831522,450327.57709331,,,,,,,,,,,,,,,,,,,,,,,,서울시광진구목욕장업인허가정보.csv
3040000,3040000-202-2019-00002,20191219,,03,폐업,02,폐업,20200702,,,,02   4568898,33.84,143875,서울특별시 광진구 자양동 685 편안한요양병원 ,서울특별시 광진구 자양로 38, 편안한요양병원 6층 (자양동),05112,프라임스파,2020-07-02 11:10:17,U,2020-07-04 02:40:00.0,공동탕업,207574.350933065    ,447709.275315842    ,공동탕업,0,0,6,6,,,0,0,1,N,0,,,,,0,0,0,0,0,N,,서울시광진구목욕장업인허가정보.csv
3040000,3040000-202-2020-00001,20201228,,01,영업/정상,01,영업,,,,,02  446 5300,469.00,143832,서울특별시 광진구 구의동 611 구의현대2단지아파트,서울특별시 광진구 광나루로56길 32, 수영장 지하2~3층 (구의동, 구의현대2단지아파트),05118,현대프라임스포츠센타,2022-04-21 10:22:23,U,2021-12-03 22:03:00.0,공동탕업,208403.746065593,448490.239179557,,,,,,,,,,,,,,,,,,,,,,,서울시광진구목욕장업인허가정보.csv
3040000,3040000-202-2020-00002,20201228,,01,영업/정상,01,영업,,,,,02  456 4455,220.00,143723,서울특별시 광진구 구의동 199-18 구의동삼성쉐르빌,서울특별시 광진구 구의강변로 106, 지하층 B113호 (구의동, 구의동삼성쉐르빌),05117,(주)비터스윗코리아,2022-04-21 10:24:26,U,2021-12-03 22:03:00.0,공동탕업,208310.372259506,448631.437594782,,,,,,,,,,,,,,,,,,,,,,,서울시광진구목욕장업인허가정보.csv
3040000,3040000-202-2022-00001,20220719,,01,영업/정상,01,영업,,,,,,157.00,143814,서울특별시 광진구 광장동 484 광장현대3단지아파트,서울특별시 광진구 아차산로70길 62, 312동 B2층 (광장동, 광장현대3단지아파트),04974,(주)비스코 헬스케어,2022-07-19 16:24:07,I,2021-12-06 22:01:00.0,목욕장업 기타,208644.819209521,448711.725750126,,,,,,,,,,,,,,,,,,,,,,,서울시광진구목욕장업인허가정보.csv
